{
    "data": {
        "asset_text": {
            "top_text_asset": {
                "13559389487_asset": {
                    "account_id": "4527200254",
                    "ad_ids": [
                        "536345835337",
                        "533665724383",
                        "536276234847",
                        "515163626050"
                    ],
                    "clicks": 765.0,
                    "conversions": 146.0,
                    "cost_per_conversions": 4.3309387192,
                    "ctr": 9.8455598456,
                    "impressions": 7770.0,
                    "spend": 632.317053,
                    "type": "HEADLINE",
                    "value": "Wanna win $10,000,000?"
                },
                "13559389490_asset": {
                    "account_id": "4527200254",
                    "ad_ids": [
                        "536345835337",
                        "533665724383",
                        "536276234847",
                        "515163626050"
                    ],
                    "clicks": 748.0,
                    "conversions": 156.0,
                    "cost_per_conversions": 4.4544577115,
                    "ctr": 9.5786912537,
                    "impressions": 7809.0,
                    "spend": 694.895403,
                    "type": "HEADLINE",
                    "value": "100% free. No Surprises"
                },
                "13559389493_asset": {
                    "account_id": "4527200254",
                    "ad_ids": [
                        "536345835337",
                        "533665724383",
                        "536276234847",
                        "515163626050"
                    ],
                    "clicks": 462.0,
                    "conversions": 83.0,
                    "cost_per_conversions": 10.063362988,
                    "ctr": 4.9201277955,
                    "impressions": 9390.0,
                    "spend": 835.259128,
                    "type": "HEADLINE",
                    "value": "FDIC insured. No risk."
                },
                "13575050184_asset": {
                    "account_id": "4527200254",
                    "ad_ids": [
                        "536345835337",
                        "533665724383",
                        "536276234847",
                        "515163626050"
                    ],
                    "clicks": 793.0,
                    "conversions": 206.0,
                    "cost_per_conversions": 4.7316702573,
                    "ctr": 8.6327019377,
                    "impressions": 9186.0,
                    "spend": 974.724073,
                    "type": "HEADLINE",
                    "value": "Start Saving. Start Winning."
                },
                "13575050187_asset": {
                    "account_id": "4527200254",
                    "ad_ids": [
                        "533665724383",
                        "515163626050"
                    ],
                    "clicks": 573.0,
                    "conversions": 84.0,
                    "cost_per_conversions": 5.3044079881,
                    "ctr": 11.6180048662,
                    "impressions": 4932.0,
                    "spend": 445.570271,
                    "type": "HEADLINE",
                    "value": "Banking, but fun"
                },
                "16790098603_asset": {
                    "account_id": "4527200254",
                    "ad_ids": [
                        "550988341652",
                        "553130310477",
                        "545891673356",
                        "542450079804"
                    ],
                    "clicks": 516.0,
                    "conversions": 304.0,
                    "cost_per_conversions": 3.2876283026,
                    "ctr": 6.184084372,
                    "impressions": 8344.0,
                    "spend": 999.439004,
                    "type": "HEADLINE",
                    "value": "Save money. Win a Tesla."
                },
                "16790098612_asset": {
                    "account_id": "4527200254",
                    "ad_ids": [
                        "545891673356",
                        "542450079804"
                    ],
                    "clicks": 1461.0,
                    "conversions": 796.0,
                    "cost_per_conversions": 5.584798995,
                    "ctr": 3.5781636502,
                    "impressions": 40831.0,
                    "spend": 4445.5,
                    "type": "DESCRIPTION",
                    "value": "Even if you don't win, your money still grows over 2x the national average."
                },
                "16790098615_asset": {
                    "account_id": "4527200254",
                    "ad_ids": [
                        "545891673356",
                        "542450079804"
                    ],
                    "clicks": 398.0,
                    "conversions": 229.0,
                    "cost_per_conversions": 2.8581290655,
                    "ctr": 6.3426294821,
                    "impressions": 6275.0,
                    "spend": 654.511556,
                    "type": "HEADLINE",
                    "value": "Do you love money? Yes you do."
                },
                "16790098627_asset": {
                    "account_id": "4527200254",
                    "ad_ids": [
                        "545891673356",
                        "542450079804"
                    ],
                    "clicks": 491.0,
                    "conversions": 243.0,
                    "cost_per_conversions": 3.8612050658,
                    "ctr": 6.9106263195,
                    "impressions": 7105.0,
                    "spend": 938.272831,
                    "type": "HEADLINE",
                    "value": "Save money. Win $$$$$."
                },
                "16806662138_asset": {
                    "account_id": "4527200254",
                    "ad_ids": [
                        "545891673356",
                        "542450079804"
                    ],
                    "clicks": 547.0,
                    "conversions": 296.0,
                    "cost_per_conversions": 3.6652498176,
                    "ctr": 6.5049351885,
                    "impressions": 8409.0,
                    "spend": 1084.913946,
                    "type": "HEADLINE",
                    "value": "Savings accounts suck. Yotta"
                },
                "17848573371_asset": {
                    "account_id": "4527200254",
                    "ad_ids": [
                        "553130310477"
                    ],
                    "clicks": 2.0,
                    "conversions": 2.0,
                    "cost_per_conversions": 0.915,
                    "ctr": 10.5263157895,
                    "impressions": 19.0,
                    "spend": 1.83,
                    "type": "DESCRIPTION",
                    "value": "With the Yotta's Lucky Swipe feature every swipe has a 1 in 250 chance of being on us!"
                },
                "17848573377_asset": {
                    "account_id": "4527200254",
                    "ad_ids": [
                        "553130310477"
                    ],
                    "clicks": 3.0,
                    "conversions": 2.0,
                    "cost_per_conversions": 3.63,
                    "ctr": 6.6666666667,
                    "impressions": 45.0,
                    "spend": 7.26,
                    "type": "DESCRIPTION",
                    "value": "With Yotta every time you use your debit card you have a chance to be instantly reimbursed"
                },
                "18160144706_asset": {
                    "account_id": "4527200254",
                    "ad_ids": [
                        "542450079804"
                    ],
                    "clicks": 9.0,
                    "conversions": 8.0,